{
  "TransactionAmt": -0.27033434642421456,
  "ProductCD": -0.4814881702086468,
  "card1": -0.04615019149259011,
  "card2": -0.01993173998272413,
  "card3": -0.28054636710711617,
  "card4": -0.33707596342468865,
  "card5": 0.6371658104018532,
  "card6": -0.6097104053876378,
  "addr1": 0.0761005292675169,
  "addr2": 0.07582605986262332,
  "dist1": -0.18461716305181153,
  "dist2": -0.0983466763237228,
  "P_emaildomain": -0.36617440421073544,
  "R_emaildomain": -0.4466518856392378,
  "DeviceType": -0.553340840018513,
  "DeviceInfo": -0.18670955586616894,
  "C1": -0.09657297961227068,
  "C2": -0.09207106686605011,
  "C3": -0.03997888247318162,
  "C4": -0.06807779470397689,
  "C5": -0.21208591249255987,
  "C6": -0.11054664193913015,
  "C7": -0.05677058651637141,
  "C8": -0.06305687417435867,
  "C9": -0.195541747648818,
  "C10": -0.06425150927784117,
  "C11": -0.09747175440521974,
  "C12": -0.057113615510388176,
  "C13": -0.21694162051094157,
  "C14": -0.1396425674813787,
  "TransactionHour": 0.28690041660849,
  "TransactionDay": -0.11111796638124904,
  "TransactionDayOfWeek": 0.050286450075399065,
  "TransactionAmt_log": -0.13196229320746805,
  "TransactionAmt_decimal": -0.8408698007567521,
  "TransactionAmt_rounded": 0.9336009893870711,
  "card1_fraud_rate": -0.26891663623469825,
  "card1_count": -0.4467510514822605,
  "card2_fraud_rate": -0.2697879581268753,
  "card2_count": -0.22467461507954664,
  "card3_fraud_rate": -0.3147136448121359,
  "card3_count": 0.3593682921706219,
  "V_pca_0": -0.1524900634059619,
  "V_pca_1": -0.05789029893161034,
  "V_pca_2": -0.14258871363611803,
  "V_pca_3": -0.030841478669084633,
  "V_pca_4": -0.05253179004121069,
  "V_pca_5": -0.12253137804237095,
  "V_pca_6": -0.08081923498899671,
  "V_pca_7": -0.09289638864566441,
  "V_pca_8": -0.11419680686931792,
  "V_pca_9": -0.06587069586045442,
  "V_pca_10": 0.03925847275557984,
  "V_pca_11": -0.1877192316242208,
  "V_pca_12": -0.11756836153044717,
  "V_pca_13": 0.0022281776654736922,
  "V_pca_14": 0.09501232989806416,
  "V_pca_15": 0.11740654983602063,
  "V_pca_16": 0.0034120950596948194,
  "V_pca_17": 0.01444237392953327,
  "V_pca_18": -0.04808746036299364,
  "V_pca_19": -0.0051488812080723425,
  "V_pca_20": 0.002068330908528705,
  "V_pca_21": 0.05227911599192046,
  "V_pca_22": 0.015320973295443827,
  "V_pca_23": -0.005040929953597911,
  "V_pca_24": 0.0008068140675602922,
  "V_pca_25": 0.03464543186964754,
  "V_pca_26": 0.017708959548897403,
  "V_pca_27": 0.019385327463491087,
  "V_pca_28": -0.0377250910054448,
  "V_pca_29": -0.020732047685864712,
  "V_pca_30": 0.0076558000534139815,
  "V_pca_31": -0.023713449123256902,
  "V_pca_32": -0.03349649429944244,
  "V_pca_33": -0.007489835504195256,
  "V_pca_34": 0.014393728424065723,
  "V_pca_35": -0.0274405513388775,
  "V_pca_36": 0.011901859974498944,
  "V_pca_37": 0.009651197228170476,
  "V_pca_38": 0.0036737271013350184,
  "V_pca_39": -0.006182338666796899,
  "V_pca_40": -0.010825173557880364,
  "V_pca_41": -0.007455295293458593,
  "V_pca_42": -0.0003210586207837283,
  "V_pca_43": 0.003754191220422986,
  "V_pca_44": 0.009216518586744077,
  "V_pca_45": 0.008202097382181056,
  "V_pca_46": 0.013354500006718497,
  "V_pca_47": 0.004393919470223023,
  "V_pca_48": -0.011717003725873202,
  "V_pca_49": -0.011863316062889684
}