{
  "TransactionAmt": -0.27033434642421467,
  "ProductCD": -0.4814881702086469,
  "card1": -0.04615019149259011,
  "card2": -0.01993173998272413,
  "card3": -0.2805463671071161,
  "card4": -0.33707596342468865,
  "card5": 0.6371658104018532,
  "card6": -0.6097104053876378,
  "addr1": 0.0761005292675169,
  "addr2": 0.07582605986262332,
  "dist1": -0.18461716305181153,
  "dist2": -0.0983466763237228,
  "P_emaildomain": -0.36617440421073544,
  "R_emaildomain": -0.4466518856392378,
  "DeviceType": -0.553340840018513,
  "DeviceInfo": -0.18670955586616894,
  "C1": -0.09657297961227068,
  "C2": -0.09207106686605011,
  "C3": -0.03997888247318162,
  "C4": -0.06807779470397689,
  "C5": -0.21208591249255987,
  "C6": -0.11054664193913015,
  "C7": -0.05677058651637141,
  "C8": -0.06305687417435867,
  "C9": -0.195541747648818,
  "C10": -0.06425150927784117,
  "C11": -0.09747175440521974,
  "C12": -0.057113615510388176,
  "C13": -0.21694162051094157,
  "C14": -0.1396425674813787,
  "TransactionHour": 0.28690041660849,
  "TransactionDay": -0.11111796638124904,
  "TransactionDayOfWeek": 0.050286450075399065,
  "TransactionAmt_log": -0.13196229320746808,
  "TransactionAmt_decimal": -0.8408698007567521,
  "TransactionAmt_rounded": 0.9336009893870711,
  "card1_fraud_rate": -0.26891663623469825,
  "card1_count": -0.4467510514822605,
  "card2_fraud_rate": -0.2697879581268753,
  "card2_count": -0.22467461507954664,
  "card3_fraud_rate": -0.3147136448121359,
  "card3_count": 0.3593682921706219,
  "V_pca_0": -0.15249006340249424,
  "V_pca_1": -0.057890298774283276,
  "V_pca_2": -0.1425887160473983,
  "V_pca_3": -0.03084148894377707,
  "V_pca_4": -0.05253178314610379,
  "V_pca_5": -0.12253138333667188,
  "V_pca_6": -0.08081922886204365,
  "V_pca_7": -0.09289640225243233,
  "V_pca_8": -0.1141968017568581,
  "V_pca_9": -0.06587057913800436,
  "V_pca_10": 0.03925871326600615,
  "V_pca_11": -0.18772252198610298,
  "V_pca_12": -0.11756279737717636,
  "V_pca_13": 0.0022273482882748815,
  "V_pca_14": 0.09501368816069301,
  "V_pca_15": 0.11740587105004265,
  "V_pca_16": 0.00340982335415345,
  "V_pca_17": 0.014442870096673695,
  "V_pca_18": -0.04808747139378849,
  "V_pca_19": -0.0051489174929462735,
  "V_pca_20": 0.0020683776134442977,
  "V_pca_21": 0.05227912234559806,
  "V_pca_22": 0.015320915988347708,
  "V_pca_23": -0.005040803700337757,
  "V_pca_24": 0.0008067925501700057,
  "V_pca_25": 0.03464537641928031,
  "V_pca_26": 0.0177085641715889,
  "V_pca_27": 0.01938591000971046,
  "V_pca_28": -0.03772515781528614,
  "V_pca_29": -0.020732066773446314,
  "V_pca_30": 0.00765558913035608,
  "V_pca_31": -0.023713379711032313,
  "V_pca_32": -0.033496676991610984,
  "V_pca_33": -0.007489384738955481,
  "V_pca_34": 0.014393625287794018,
  "V_pca_35": -0.02744075843060102,
  "V_pca_36": 0.011901362149891698,
  "V_pca_37": 0.009651209908146908,
  "V_pca_38": 0.0036738586446507025,
  "V_pca_39": -0.00618227288177963,
  "V_pca_40": -0.010825104933751276,
  "V_pca_41": -0.0074553280819778574,
  "V_pca_42": -0.00032087492192216715,
  "V_pca_43": 0.0037542202942795946,
  "V_pca_44": 0.00921651666910198,
  "V_pca_45": 0.008202082461649305,
  "V_pca_46": 0.013354542061654527,
  "V_pca_47": 0.00439402035681165,
  "V_pca_48": -0.011716959981802007,
  "V_pca_49": -0.01186349826101029
}